Question_ID,Question_Text,Choices,Generated Answer,Refined Answer,Correct Answer,Predicted == Correct
SP-185,"How could a man go outside in the pouring rain without protection, and not have a hair on his head get wet?","
The man was lucky enough to avoid all the rain.; He is bald.; The man is an athlete that can avoid rain in high speed.; None of above.","d drink?',?',?',?',PPPP",None of above.,He is bald.,no
SP-185_SR,How could a guy go outdoors in the torrential rain without getting a single hair on his head wet?,"He is bald.; 
The man was lucky enough to avoid all the rain.; The man is an athlete that can avoid rain in high speed.; None of above.","is boxer '?',.',?',?',?',answerP",None of above.,He is bald.,no
SP-185_CR,How can you enter a exam session and have the answers sooner than everybody else in the room?,You have to be a teacher.; You have to prepate for the whole year.; You have to ask teacher for the asnwer.; None of above.,"', '.', is is':'' drink?',",None of above.,You have to be a teacher.,no
SP-188,"If a monkey, a squirrel, and a bird are racing to the top of a coconut tree, who will get the banana first?",The squirrel.; The monkey.; The bird.; None of above.,"'3'' '-',',',',",None of above.,None of above.,yes
SP-188_SR,"Who will grab the banana first if a monkey, a squirrel, and a bird race to the top of a coconut tree?",The bird.; The squirrel.; The monkey.; None of above.,",,''':''- '',",The bird.,None of above.,no
SP-188_CR,"A rooster and a bull were expecting their first child, but since they were having a competition, they wanted to precipitate the process. Which one of them gave birth first?","The rooster.; The bull.; 
Both, they happen to finish at the same time.; None of above.","?',?',?','' 'P.',''",None of above.,None of above.,yes
SP-192,"A group of ten ostriches are in a field. If four of them take off flying, how many are left in the field?",Six.; Four.; Ten.; None of above.,",,''',''-''",Four.,None of above.,no
SP-192_SR,Ten chickens are gathered in a field. How many of them remain on the field if four of them take off flying?,Six.; Four.; Ten.; None of above.,"'3,,, '33 '",Four.,None of above.,no
SP-192_CR,"If we have two bulls, and each cow can produce two gallons of milk every day. How much milk do we have after 2 days?",Eight.; Four.; Sixteen.; None of above.,"''',''-131''',",Sixteen.,None of above.,no
SP-193,Two people were playing chess and both won. How did this happen?,"They were playing against other opponents.; The both lose, in fact, which is also both won.; The referee is new and doesn't know the chess rules.; None of above.","':'' isButistr'boxer drink?',",None of above.,They were playing against other opponents.,no
SP-193_SR,Both persons who were playing chess won. What caused this to happen?,"They were playing against other opponents.; The both lose, in fact, which is also both won.; The referee is new and doesn't know the chess rules.; None of above.","': 'WhatWhat is boxer’s favorite favorite?',","The both lose, in fact, which is also both won.",They were playing against other opponents.,no
SP-193_CR,"Two chefs were making food, at some points both poured a salt and pepper into their food, however the food wasn't too spicy afterall when customers were eating it. How's that possible?",The salt and pepper are  expired.; Two chefs were making two different foods and they didn't add the spices twice to the same food.; All customers were polite and didn't tell them in public.; None of above.,istractor brother the same.d samed the,None of above.,Two chefs were making two different foods and they didn't add the spices twice to the same food.,no
SP-194," A hiker arrives near a lake. He sees a sign where it is written ""No swimming allowed."", but the duck jumps into the water. Why? ",Because ducks can't read.; Because ducks won't polluted water.; Because ducks are tiny to be detected.; None of above.,"drink?',?',?',answer':PPunch '",None of above.,Because ducks can't read.,no
SP-194_SR,"A hiker lands near a lake. He sees a sign that says ""No swimming allowed,"" yet the duck dives into the water anyhow. Why? ",Because ducks are tiny to be detected.; Because ducks can't read.; Because ducks won't polluted water.; None of above.,".', favorite favorite?',?',?',P?',PP",None of above.,Because ducks can't read.,no
SP-194_CR,"A cat was walking pass a security guard when the guard told him not to enter the area since it was restricted. However, the cat passed the security guard without any sense of obedience.Why?",The cat thought it won't bring danger; Since cats can't understand humans' language; The cat thought it was hard to detect itself.; None of above.,"10': '.',.',.',.',istristr",None of above.,Since cats can't understand humans' language,no
SP-195," Twenty-seven ducks are going to the pond. Five of them got lost, thirteen of them are staying home, and nine of them are at the pond. Where are the rest of them? ",Home.; The way to the pond.; Pond.; None of above.,"isoke '?', drink?',?',answeranswerP",None of above.,None of above.,yes
SP-195_SR," Twenty-seven ducks are going to the pond. Five of them got lost, thirteen of them are staying home, and nine of them are at the pond. Where are the rest of them? ",The way to the pond.; Home.; Pond.; None of above.,"is boxer '?', boxer?',?',?',?',?',",None of above.,None of above.,yes
SP-195_CR,"James was taking a test with 31 questions. He answered to 17 questions. Towards the end of the time, he looked onto other people's choices and answered 7 questions that way. He was so lucky that he remembered how to answer another 7 questions as well. Surprisingly, he got 100% in the test. What did he do with the rest of the questions that he got 100?",It is so difficult that he cheated with others.; He didn't know the answer and just guessed them randomly.; He owned a nice relation with the teacher and just asked his teacher.; None of above.,''''':'and and '1,He didn't know the answer and just guessed them randomly.,None of above.,no
SP-196,"Ten fish are in a tank. Two fish drown. Four fish swim away.Three fish die.
How many fish are left in the tank?",Seven.; Five.; Twenty.; None of above.,",,''''''', '",Five.,None of above.,no
SP-196_SR,A tank contains ten fish. Two fish drown. Four fish are swimming away.Three fish perish. How many fish are there left in the tank?,Seven.; Twenty.; Five.; None of above.,"'':''--',',',',",Five.,None of above.,no
SP-196_CR,"A chopper had ten pigeons inside and threw all of them out to die. However, there were some tall trees that could've survived them. How many survived?",Eight.; Five.; Three.; None of above.,"'--',',',': 'What is",Eight.,None of above.,no
SP-197," A woman went to Virginia to get a job. She promised her mother she would come back and visit sometime. Then, in the middle of winter, her mother shouted, ""April is here!"". How is this possible? ",The woman's name is April.; Her mother stayed in the home for the whole winter.; The weather in Virginia is pretty special.; None of above.,".', '.',.',actoractoractoractor their brother",None of above.,The woman's name is April.,no
SP-197_SR,"A woman travelled to Virginia to look for work. She promised her mother that she would return someday. Her mother then exclaimed, ""April is here!"" in the dead of winter. What makes this possible? ",Her mother stayed in the home for the whole winter.; The weather in Virginia is pretty special.; The woman's name is April.; None of above.,"1': 'okePP.',istristractor",The woman's name is April.,The woman's name is April.,yes
SP-197_CR,"A man was asking somebody where is you?, the man then pointed out to the person asking the question. How's that possible?",The man pointed to some people at random.; The name of the man who was asking the question was You; The man was angry for his impolite question.; None of above.,"'PP.', 'distristractor1",None of above.,The name of the man who was asking the question was You,no
SP-198,"What animal has no wings, but yet will fly?",An elephant.; A caterpillar.; An eagle.; None of above.,"has21 by1,,,,",None of above.,A caterpillar.,no
SP-198_SR,What animal does not have wings but can fly?,An elephant.; An eagle.; A caterpillar.; None of above.,"have have, brother': by1,,,",A caterpillar.,A caterpillar.,yes
SP-198_CR,What animal does not have legs but can jump?,A fish.; A tadpole.; A rabbit.; None of above.,"have has23 by1,,,,",None of above.,A tadpole.,no
SP-199,"A logical with some time to kill in a small town decided to get a haircut. The town had only two barber, each with his own shop. The logical glance into one shop and saw that it was extremely until. The barber needed a shave, his clothes were unkempt, and his hair was badly cut. The other shop was extremely neat. The barber was freshly shaved and spotlessly dressed, his hair neatly trimmed. Why did the logical return to the first shop for his haircut?",The logician chose the first barber because he believed the untidy appearance suggested that the barber was so busy.; Each barber must have cut the other's hair. The logical picked the barber who had given his rival the better haircut.; The logician went to the first barber because he felt sympathy for him.; None of above.,"'istristr, '''['{'",The logician went to the first barber because he felt sympathy for him.,Each barber must have cut the other's hair. The logical picked the barber who had given his rival the better haircut.,no
SP-199_SR,"In a small town, a logical with some free time made the decision to get a haircut. There were only two barbers in the town, and they each had a shop. The rational glance into one store revealed that it was incredibly expensive. His clothes were messy, his hair was poorly cut, and the barber needed to shave. The other store was very well-kept. The barber had recently had his hair cut and was immaculately dressed. Why did the logical get his haircut at the first place he went?",The logician chose the first barber because he believed the untidy appearance suggested that the barber was so busy.; Each barber must have cut the other's hair. The logical picked the barber who had given his rival the better haircut.; The logician went to the first barber because he felt sympathy for him.; None of above.,': ‘':':':'''' ',None of above.,Each barber must have cut the other's hair. The logical picked the barber who had given his rival the better haircut.,no
SP-199_CR,"In a remote village, a wise traveler decides to check out local dental implants. There are only two dentists in the village, each with a clinic. Glance at the first clinic and see that the dentist's own teeth are badly planted and his salon is poorly maintained. The second salon is tidy, the dentist's teeth are well planted and his attire is spotless. Why smart travelers choose dental implants in the first clinic?",Each dentist must have planted the other's teath. The traveler picked the dentisit who had given his rival the better implants.; The traveler chose the first dentist because he believed the untidy appearance suggested that the dentist was so busy.; The traveler went to the first dentist because he felt sympathy for him.; None of above.,"but butistristr  their':.',.', '",Each dentist must have planted the other's teath. The traveler picked the dentisit who had given his rival the better implants.,Each dentist must have planted the other's teath. The traveler picked the dentisit who had given his rival the better implants.,yes
SP-200,A plane crashed between the border of Canada and America. Where do you bury the survivors?,America.; Canada.; In the middle of America and Canada.; None of above.,",':,,3'' '': '",None of above.,None of above.,yes
SP-200_SR,A jet crashed near the border between Canada and America. Where do the surviving go to be buried?,Canada.; In the middle of America and Canada.; America.; None of above.,",,,''''''1",None of above.,None of above.,yes
SP-200_CR,We have 5 roosters and each one gives 1 egg per day. How many eggs do we have after a week?,Five.; Thirty-five.; Seven.; None of above.,",,,,':1'' '',",Five.,None of above.,no
SP-201,"Imagine you are in a room, with no doors, windows, or anything. How do you get out?",Stop imagining.; Jump out of the roof.; Break the Wall.; None of above.,"''''''WP-,',",Break the Wall.,Stop imagining.,no
SP-201_SR,"Assume you're in a room with no doors, windows, or anything else. How do you escape?",Stop imagining.; Jump out of the roof.; Break the Wall.; None of above.,",'' '31 '-''",Break the Wall.,Stop imagining.,no
SP-201_CR,You're dreaming that you're in a jungle in which a tiger is approaching you. What's the best thing to do in that situation?,Fight with the tiger.; Jump over it.; Waking up.; None of above.,"WP',',''':''What is",None of above.,Waking up.,no
SP-202,"I buried a stone in the ground, and it grew and produced fruit. How is this possible?","The stone was actually a seed, not an ordinary stone. The seed of a cherry is called a stone.; The stone that was buried in the ground symbolizes an idea or a concept. By burying the idea and nurturing it with care and effort, it grew and blossomed into a fruitful outcome or achievement.; You buried a stone in the ground, and as time passed, a tree grew above it. The fruit produced by the tree is unrelated to the stone itself.; None of above.",istranswer family family'' 'd'',None of above.,"The stone was actually a seed, not an ordinary stone. The seed of a cherry is called a stone.",no
SP-202_SR,"I planted a stone, and it sprouted leaves and fruit. How is that even possible?","The stone was actually a seed, not an ordinary stone. The seed of a cherry is called a stone.; You buried a stone in the ground, and as time passed, a tree grew above it. The fruit produced by the tree is unrelated to the stone itself.; The stone that was buried in the ground symbolizes an idea or a concept. By burying the idea and nurturing it with care and effort, it grew and blossomed into a fruitful outcome or achievement.; None of above.",same'''' '. '. ',None of above.,"The stone was actually a seed, not an ordinary stone. The seed of a cherry is called a stone.",no
SP-202_CR,"Two farmers got into a heated argument and started fighting. A farmer was so enraged that he threw a handful of stones at the other farmer. The stones hit the farmer exactly, but the other farmer received no harm at all.  Why?","The stones was actually seeds, not ordinary stones. The seed of a cherry is called a stone.; The other farmer was wearing protective clothing or had some form of shield that prevented the stones from causing harm.; The stones were small or lacked enough force to cause any significant injury.; None of above.",'' '':':actor some{' theiristr,The other farmer was wearing protective clothing or had some form of shield that prevented the stones from causing harm.,"The stones was actually seeds, not ordinary stones. The seed of a cherry is called a stone.",no
SP-203,How many birth days does the average person have?,"People may celebrate their birthdays annually, so it depends on their life span.; They technically only have one birth day in their lifetime.; It can be zero as some people are too busy to celebrating their birthdays.; None of above.","''.', drink?',?',?',answer':P",None of above.,They technically only have one birth day in their lifetime.,no
SP-203_SR,How many birth days do most people have on average?,"People may celebrate their birthdays annually, so it depends on their life span.; It can be zero as some people are too busy to celebrating their birthdays.; They technically only have one birth day in their lifetime.; None of above.",".',.', boxer?',?',?',?',PPP",None of above.,They technically only have one birth day in their lifetime.,no
SP-203_CR,"From elementary school to collage, how many ""first day of school"" does the average person have in their lifetime?","Average poeple have 4: lementary school, middle school, high school, and college.; They technically only have one first day of school in their lifetime. That's the very first day they started attending school as a child.; Average people have ""first day of school"" in each semester, so it will be more than 10!; None of above.",:,None of above.,They technically only have one first day of school in their lifetime. That's the very first day they started attending school as a child.,no
SP-204,An electric train is going south at 98 mph. The wind is blowing northeast. Which direction is the smoke blowing?," Wind is blowing northeast and is more powerful than the train's speed, it would overpower the train's forward motion. It would likely cause the smoke to blow in northeast.; The train is traveling at a higher speed, which has a significant impact on the direction of the smoke. In this case, smoke is blowing to the opposite direction, north.; There is no smoke. it's an electric train!; None of above.","' '':':Some':':.',actor',",None of above.,There is no smoke. it's an electric train!,no
SP-204_SR,"At 98 mph, an electric train is traveling south. There is a northeast wind. Where is the smoke coming from?","There is no smoke. it's an electric train!;  Wind is blowing northeast and is more powerful than the train's speed, it would overpower the train's forward motion. It would likely cause the smoke to blow in northeast.; The train is traveling at a higher speed, which has a significant impact on the direction of the smoke. In this case, smoke is blowing to the opposite direction, north.; None of above.",':actoractor':':':istristristristr,None of above.,There is no smoke. it's an electric train!,no
SP-204_CR,A submarine is moving west at a speed of 30 knots. There is a strong current moving east. Where are the trail of bubbles coming from?,"The current is moving east, the bubbles would be carried by the current towards the west.; The submarine is moving west, the bubbles would be carried in the direction opposite to the current.; There are no bubbles. Modern submarines are designed to move through water without leaving a trail of bubbles.; None of above.",ddactor familyactoractor byactor:,"The submarine is moving west, the bubbles would be carried in the direction opposite to the current.",There are no bubbles. Modern submarines are designed to move through water without leaving a trail of bubbles.,no
SP-206,"There is a pink single-story house and everything in it is pink. The doors are pink, the windows are pink and the top is pink. What color are the stairs?",There are no stairs in a single story house.; It should be pink as the whole house is in pink.; The stairs is uncolored as people always step on that.; None of above.,'re'reC''istristractoractoractor,None of above.,There are no stairs in a single story house.,no
SP-206_SR,"The entire single-story home is pink, including the outside. The windows, the top, and the doors are all pink. What are the stair's colors?",The stairs is uncolored as people always step on that.; It should be pink as the whole house is in pink.; There are no stairs in a single story house.; None of above.,"istr':': 'oke.',.',.',istristr",None of above.,There are no stairs in a single story house.,no
SP-206_CR,"A one-story house is built from red bricks. The doors, windows, and roof are all made of red bricks. What color is the basement?",There is no basement in a one-story house built on a single floor.; It should be red as the whole house is in red.; The basement is uncolored as the basement is only used for storing stuffs.; None of above.,istristristractoristr theiractor brother theird,It should be red as the whole house is in red.,There is no basement in a one-story house built on a single floor.,no
SP-207,"Ten pears hanging high, Ten men come passing by, Each took a pear and left nine hanging there. How could that be?",EACH is the name of one of the men.; Other men can't reach the pear.; Other men didn't see the pear.; None of above.,"boxer.', drink?',?',answer?',PPunch",None of above.,EACH is the name of one of the men.,no
SP-207_SR,"Ten pears hung high, ten men passed past, Each taking a fruit and leaving nine hanging there. How is that possible?",Other men can't reach the pear.; Other men didn't see the pear.; EACH is the name of one of the men.; None of above.,"'.', drink?',?',answeranswer?',Punch",None of above.,EACH is the name of one of the men.,no
SP-207_CR,"There were twenty boys with different names in the classroom, All went up to the blackboard and wrote names on the board, however, there was only one name on the board, how's that possible?",Other boys don't have names.; All is the name of one of the boys.; Other boys don't know how to write.; None of above.,"111 'oke.',''.',actor",All is the name of one of the boys.,All is the name of one of the boys.,yes
SP-208,"The more you take, the more you leave behind",Love.; Footsteps.; Money.; None of above.,". have have221 by1,,",None of above.,Footsteps.,no
SP-208_SR,"The more you take, the more you abandon.",Love.; Footsteps.; Money.; None of above.,"and and has,8 1 by by,",Love.,Footsteps.,no
SP-208_CR,You are running so fast but you're not getting closer. Where are you?,Country road.; Treadmill.; High way.; None of above.,",,,,, '1,,,",None of above.,Treadmill.,no
WP-148,What type of bank doesn't hold money?,Snowbank.; Investment bank.; Central bank.; None of above.,". have have have2 brothers1 by,1",Investment bank.,Snowbank.,no
WP-148_SR,What kind of bank doesn't keep cash on hand?,Snowbank.; Investment bank.; Central bank.; None of above.,"have have11':1,,,,",None of above.,Snowbank.,no
WP-148_CR,What kind of bank doesn't have money on hand?,Riverbank.; Investment bank.; Central bank.; None of above.,"haveactor21 [11,,,",Investment bank.,Riverbank.,no
WP-149,What type of root can't be eaten?,Carrot root.; Cabbage root.; Square root.; None of above.,"has lovedactoruns': by,,0,",Cabbage root.,Square root.,no
WP-149_SR,What kind of root cannot be consumed?,Square root.; Carrot root.; Cabbage root.; None of above.,"'], has'],2': [1,,,",None of above.,Square root.,no
WP-149_CR,What sort of root should one not eat?,Cube root.; Cabbage root.; Carrot root.; None of above.,"has22 brothers by by,,,,",Cube root.,Cube root.,yes
WP-150,What kind of mouse can't you feed cheese to?,A computer mouse.; A hungry mouse.; An old mouse.; None of above.,"by1,,,,,''",None of above.,A computer mouse.,no
WP-150_SR,What type of mouse are ineligible for cheese feeding?,A computer mouse.; A hungry mouse.; An old mouse.; None of above.,"2': [1,",None of above.,A computer mouse.,no
WP-150_CR,The kind of mouse engineers like most？,A young mouse.; A white mouse.; A computer mouse.; None of above.,"'], havechoice': '11,",A young mouse.,A computer mouse.,no
WP-151,What kind of plant can't photosynthesize?,An indoor plant.; A house plant; A power plant.; None of above.,".': [ [, ,,",None of above.,A power plant.,no
WP-151_SR,Which plants are incapable of photosynthesizing?,A house plant; A power plant.; An indoor plant.; None of above.,"1': by by,,,, '':",None of above.,A power plant.,no
WP-151_CR,What plants can not photosyntheszie but can produce energy.,A wetland plant.; A nuclear plant.; An aquatic plant.; None of above.,"1,,,': 333 '",A nuclear plant.,A nuclear plant.,yes
WP-152,What kind of wood never gets chopped?,Softwood.; Hollywood.; Hardwood.; None of above.,"'above.', ',2': [ [",None of above.,Hollywood.,no
WP-152_SR,What sort of wood is never cut?,Hollywood.; Hardwood.; Softwood.; None of above.,"away and2'], has has married_order by1",Softwood.,Hollywood.,no
WP-152_CR,What sort of wood is never cut?,Hardwood.; Sherwood.; Softwood.; None of above.,"of. have'have2actor [1,",None of above.,Sherwood.,no
WP-154,What type of dish doesn't hold food?,A satellite dish.; A fish dish.; A side dish.; None of above.,"2(1': by,10,",A satellite dish.,A satellite dish.,yes
WP-154_SR,What kind of dish cannot accommodate food?,A satellite dish.; A fish dish.; A side dish.; None of above.,"has'],1 brothers by1,,,",A satellite dish.,A satellite dish.,yes
WP-154_CR,What sort of dish is incapable of holding food?,Side dish.; Petri dish.; Fish dish.; None of above.,"has'],21':1,,,,",Side dish.,Petri dish.,no
WP-155,What kind of bottle can't hold a liquid?,A bottle neck.; A glass bottle.; A water bottle.; None of above.,"2_order1 by,,,,,':",None of above.,A bottle neck.,no
WP-155_SR,What sort of bottle is incapable of holding a liquid?,A glass bottle.; A water bottle.; A bottle neck.; None of above.,"': [11,0,''3",None of above.,A bottle neck.,no
WP-155_CR,What kind of bottle is smallest.,Soda bottle.; Wine bottle.; Baby bottle.; None of above.,away and. have have have11 by1,None of above.,Baby bottle.,no
WP-156,What kind of note can't be played?,A music note.; A footnote.; A high note.; None of above.,"have'],2 brothers':11,,,",A high note.,A footnote.,no
WP-156_SR,What sort of note is impossible to play?,A high note.; A music note.; A footnote.; None of above.,"'],actor,1 by by,,,,",None of above.,A footnote.,no
WP-156_CR,What sort of note is valuable?,A music note.; A banknote.; A high note.; None of above.,"have have has,1 by by,1,",A banknote.,A banknote.,yes
WP-158,What kind of watch can't tell time?,A pocket watch.; A wristwatch.; A watchdog.; None of above.,"'each_order': [11 ,",None of above.,A watchdog.,no
WP-158_SR,What sort of watch is unable to tell the time?,A pocket watch.; A wristwatch.; A watchdog.; None of above.,"21 [ by11,, ',",A pocket watch.,A watchdog.,no
WP-158_CR,What kind of watch only works at night?,Stopwatch.; Nightwatch.; Wristwatch.; None of above.,". has have'],actor_order [11",Nightwatch.,Nightwatch.,yes
WP-159,What type of pump doesn't inflate anything?,Bicycle pump.; Pumpkin.; Air pump.; None of above.,"1 and have has have231 by,",None of above.,Pumpkin.,no
WP-159_SR,What kind of pump is incapable of inflating anything?,Bicycle pump.; Air pump.; Pumpkin.; None of above.,"'], hasactor_order1111,,",None of above.,Pumpkin.,no
WP-159_CR,What type of pan doesn't help with cooking?,Saucepan.; Frying pan.; Company.; None of above.,"have,2_order2 by by,1,",None of above.,Company.,no
WP-160,What type of ink never leaves a stain?,Link.; Blue ink.; Red ink.; None of above.,and and have have have21 by11,Blue ink.,Link.,no
WP-160_SR,What kind of ink doesn't leave stains behind?,Link.; Red ink.; Blue ink.; None of above.,". have have has,_order by by11",Blue ink.,Link.,no
WP-160_CR,What type of ball can't be thrown or kicked?,Eyeball.; Baseball.; Football.; None of above.,"', has2 brothers brothers11,,,",None of above.,Eyeball.,no
WP-161,What type of art doesn't hang in a gallery?,Contemporary art.; Fine art.; Tart.; None of above.,"has'has_order.': [,1,",None of above.,Tart.,no
WP-161_SR,What kind of artwork isn't displayed in galleries?,Fine art.; Contemporary art.; Tart.; None of above.,"and'], have'],actor brothers by by1,",Contemporary art.,Tart.,no
WP-161_CR,What kind of man can't walk or talk?,A business man.; A snowman.; A fireman.; None of above.,"has, by by,,,,,",None of above.,A snowman.,no
WP-162,What kind of bell doesn't make a sound?,A doorbell.; A cowbell.; A dumbbell.; None of above.,"32 by by,1,, ':",A doorbell.,A dumbbell.,no
WP-162_SR,Which sort of bell doesn't ring?,A dumbbell.; A doorbell.; A cowbell.; None of above.,"has have_order2 by by1,,,",None of above.,A dumbbell.,no
WP-162_CR," What kind of ""stone"" can't be found in a quarry?",Cobblestone.; Sandstone.; Milestone.; None of above.,"by11,,': ', 3",Milestone.,Milestone.,yes
WP-163,What type of ice never melts?,Dice.; Flaked ice.; Glacier ice.; None of above.,"family and and'], 'actor2, by by",Glacier ice.,Dice.,no
WP-163_SR,What kind of ice doesn't melt?,Glacier ice.; Dice.; Flaked ice.; None of above.,"and2 has have get21': by,",None of above.,Dice.,no
WP-163_CR,What kind of ice doesn't contain water?,Flaked ice.; Dry ice.; Glacier ice.; None of above.,"has'each2actor [ by,1,",None of above.,Dry ice.,no
